{
    "pose": 2.624653099322348,
    "head": 7.87784596193655
}